Date,Store ID,Product ID,Category,Region,Inventory Level,Units Sold,Units Ordered,Demand Forecast,Price,Discount,Weather Condition,Holiday/Promotion,Competitor Pricing,Seasonality
2022-01-01,S001,P0001,Groceries,North,231,127,55,135.47,33.5,20,Rainy,0,29.69,Autumn
2022-01-02,S001,P0001,Groceries,West,116,81,104,92.94,27.95,10,Cloudy,0,30.89,Spring
2022-01-03,S001,P0001,Electronics,West,154,5,189,5.36,62.7,20,Rainy,0,58.22,Winter
2022-01-04,S001,P0001,Groceries,South,85,58,193,52.87,77.88,15,Cloudy,1,75.99,Winter
2022-01-05,S001,P0001,Groceries,South,238,147,37,150.27,28.46,20,Sunny,1,29.4,Winter
2022-01-06,S001,P0001,Electronics,East,198,37,155,39.09,91.05,5,Snowy,0,87.3,Summer
2022-01-07,S001,P0001,Furniture,North,195,107,106,117.92,53.99,10,Sunny,1,58.8,Winter
2022-01-08,S001,P0001,Furniture,East,231,2,119,0.84,66.3,20,Cloudy,1,63.82,Winter
2022-01-09,S001,P0001,Electronics,South,373,350,178,352.24,41.72,0,Sunny,1,38.68,Summer
2022-01-10,S001,P0001,Electronics,West,327,36,132,39.5,32.68,5,Snowy,1,34.71,Summer
2022-01-11,S001,P0001,Furniture,West,101,16,193,16.11,27.53,5,Rainy,1,27.08,Autumn
2022-01-12,S001,P0001,Toys,South,145,104,189,100.32,92.92,0,Snowy,0,97.59,Winter
2022-01-13,S001,P0001,Furniture,East,110,80,190,78.64,17.27,15,Snowy,1,21.79,Spring
2022-01-14,S001,P0001,Toys,North,199,177,44,193.23,90.05,20,Snowy,0,87.05,Winter
2022-01-15,S001,P0001,Groceries,North,290,176,94,170.06,98.04,10,Rainy,1,98.2,Spring
2022-01-16,S001,P0001,Groceries,East,104,97,189,114.65,11.39,15,Snowy,0,7.96,Winter
2022-01-17,S001,P0001,Groceries,East,134,69,95,73.59,95.27,0,Rainy,1,92.6,Summer
2022-01-18,S001,P0001,Electronics,North,339,123,157,134.0,90.7,15,Sunny,0,86.51,Spring
2022-01-19,S001,P0001,Groceries,West,431,211,139,228.92,97.97,10,Cloudy,0,95.06,Summer
2022-01-20,S001,P0001,Furniture,North,154,79,113,90.49,10.38,0,Cloudy,0,11.46,Spring
2022-01-21,S001,P0001,Clothing,South,430,390,195,401.1,13.1,15,Snowy,1,15.14,Summer
2022-01-22,S001,P0001,Electronics,North,450,191,197,181.42,87.64,0,Snowy,1,91.45,Spring
2022-01-23,S001,P0001,Furniture,West,118,79,155,69.99,22.65,15,Cloudy,0,25.19,Spring
2022-01-24,S001,P0001,Toys,South,115,9,132,17.87,76.71,15,Snowy,1,75.85,Summer
2022-01-25,S001,P0001,Furniture,East,348,189,122,185.83,18.35,15,Rainy,1,22.01,Autumn
2022-01-26,S001,P0001,Clothing,South,200,49,101,50.62,59.48,5,Sunny,1,55.45,Winter
2022-01-27,S001,P0001,Furniture,South,410,164,116,180.45,93.34,0,Cloudy,0,94.33,Winter
2022-01-28,S001,P0001,Furniture,East,158,97,82,115.96,53.25,20,Cloudy,1,49.95,Autumn
2022-01-29,S001,P0001,Furniture,South,154,47,124,48.79,88.06,15,Snowy,1,92.84,Autumn
2022-01-30,S001,P0001,Furniture,West,498,130,63,148.26,68.76,10,Snowy,0,73.29,Spring
2022-01-31,S001,P0001,Clothing,West,410,200,152,212.24,70.78,0,Sunny,1,68.88,Summer
2022-02-01,S001,P0001,Groceries,East,419,279,84,297.26,34.49,0,Sunny,0,33.85,Summer
2022-02-02,S001,P0001,Electronics,South,415,38,149,53.13,52.49,5,Cloudy,0,48.25,Autumn
2022-02-03,S001,P0001,Clothing,South,345,71,186,84.02,27.71,20,Rainy,1,28.96,Winter
2022-02-04,S001,P0001,Furniture,South,121,25,25,37.72,16.84,15,Cloudy,0,12.53,Autumn
2022-02-05,S001,P0001,Groceries,South,458,350,182,362.43,51.44,15,Snowy,0,51.54,Summer
2022-02-06,S001,P0001,Electronics,North,167,69,92,81.06,68.85,5,Cloudy,1,71.82,Spring
2022-02-07,S001,P0001,Electronics,South,244,62,105,73.41,11.34,5,Rainy,0,9.63,Spring
2022-02-08,S001,P0001,Toys,West,140,12,48,15.6,67.64,10,Cloudy,0,69.12,Spring
2022-02-09,S001,P0001,Groceries,South,209,16,143,22.37,90.55,0,Rainy,0,90.2,Autumn
2022-02-10,S001,P0001,Clothing,South,311,237,102,229.08,89.58,5,Rainy,0,91.4,Spring
2022-02-11,S001,P0001,Electronics,East,216,203,34,198.49,19.93,0,Sunny,0,24.88,Autumn
2022-02-12,S001,P0001,Toys,South,358,29,54,48.16,64.4,15,Sunny,1,61.19,Autumn
2022-02-13,S001,P0001,Clothing,North,229,149,161,143.55,85.19,10,Rainy,0,85.28,Spring
2022-02-14,S001,P0001,Clothing,North,429,259,156,256.33,97.41,10,Snowy,1,93.97,Winter
2022-02-15,S001,P0001,Furniture,North,126,111,32,115.57,51.27,5,Snowy,0,53.8,Winter
2022-02-16,S001,P0001,Electronics,West,373,373,91,372.09,65.22,10,Rainy,1,66.25,Autumn
2022-02-17,S001,P0001,Furniture,West,82,31,146,27.62,49.34,5,Rainy,1,51.94,Spring
2022-02-18,S001,P0001,Electronics,South,115,27,33,39.79,20.21,15,Rainy,0,18.45,Winter
2022-02-19,S001,P0001,Furniture,North,207,27,200,32.44,75.6,0,Snowy,1,71.3,Summer
2022-02-20,S001,P0001,Toys,South,284,166,189,175.44,73.76,10,Rainy,0,70.18,Autumn
2022-02-21,S001,P0001,Clothing,East,337,337,136,346.41,96.55,10,Sunny,0,100.1,Winter
2022-02-22,S001,P0001,Furniture,East,467,191,135,194.7,12.81,15,Sunny,1,12.47,Spring
2022-02-23,S001,P0001,Groceries,West,152,129,88,134.64,27.67,15,Cloudy,0,31.03,Spring
2022-02-24,S001,P0001,Toys,East,277,177,108,169.54,25.72,10,Snowy,1,29.31,Winter
2022-02-25,S001,P0001,Clothing,North,399,214,188,220.68,10.85,20,Cloudy,1,14.28,Summer
2022-02-26,S001,P0001,Groceries,North,167,106,55,113.33,52.53,10,Snowy,0,54.21,Spring
2022-02-27,S001,P0001,Clothing,North,129,68,165,81.82,34.84,10,Rainy,1,38.22,Autumn
2022-02-28,S001,P0001,Furniture,South,361,344,103,338.3,89.39,10,Snowy,1,86.89,Summer
2022-03-01,S001,P0001,Toys,North,263,28,113,33.68,15.95,5,Snowy,0,13.91,Winter
2022-03-02,S001,P0001,Groceries,South,216,93,120,105.56,58.52,15,Snowy,1,58.92,Winter
2022-03-03,S001,P0001,Toys,South,304,36,44,31.54,14.01,0,Snowy,1,12.87,Autumn
2022-03-04,S001,P0001,Toys,South,338,284,43,274.86,33.06,15,Snowy,0,34.47,Autumn
2022-03-05,S001,P0001,Furniture,East,496,282,167,274.26,27.67,10,Sunny,0,28.65,Spring
2022-03-06,S001,P0001,Electronics,South,463,192,54,203.71,62.37,10,Cloudy,1,64.64,Winter
2022-03-07,S001,P0001,Toys,North,380,348,80,360.31,98.99,5,Rainy,0,97.93,Autumn
2022-03-08,S001,P0001,Clothing,West,394,32,88,36.33,95.9,20,Sunny,1,98.49,Winter
2022-03-09,S001,P0001,Clothing,South,339,26,165,29.44,24.92,15,Sunny,0,24.38,Autumn
2022-03-10,S001,P0001,Clothing,East,285,147,184,161.02,24.69,10,Snowy,1,20.0,Spring
2022-03-11,S001,P0001,Groceries,North,348,141,188,155.99,46.7,10,Snowy,1,50.28,Summer
2022-03-12,S001,P0001,Electronics,East,210,194,144,196.14,91.91,5,Rainy,1,90.84,Autumn
2022-03-13,S001,P0001,Clothing,North,327,95,141,101.11,87.0,15,Sunny,0,91.43,Summer
2022-03-14,S001,P0001,Electronics,West,84,74,168,80.12,59.11,10,Snowy,0,58.7,Summer
2022-03-15,S001,P0001,Furniture,West,172,78,187,78.64,69.17,20,Cloudy,0,70.1,Winter
2022-03-16,S001,P0001,Groceries,South,252,230,126,243.54,37.52,5,Cloudy,0,36.49,Autumn
2022-03-17,S001,P0001,Groceries,South,124,89,86,102.55,30.81,15,Sunny,1,30.91,Spring
2022-03-18,S001,P0001,Electronics,North,282,150,41,142.21,47.2,15,Snowy,0,43.88,Autumn
2022-03-19,S001,P0001,Clothing,South,388,285,28,285.57,17.8,20,Rainy,0,20.76,Summer
2022-03-20,S001,P0001,Electronics,East,83,40,68,47.68,33.07,15,Snowy,1,29.26,Summer
2022-03-21,S001,P0001,Groceries,North,100,58,160,73.92,75.75,15,Sunny,1,77.25,Summer
2022-03-22,S001,P0001,Electronics,North,163,114,83,121.45,69.56,5,Snowy,1,67.3,Autumn
2022-03-23,S001,P0001,Electronics,South,82,21,124,15.89,86.7,0,Sunny,1,87.39,Winter
2022-03-24,S001,P0001,Clothing,North,279,35,84,42.16,12.46,5,Cloudy,0,15.25,Summer
2022-03-25,S001,P0001,Electronics,South,441,31,137,41.5,45.18,0,Rainy,0,40.48,Autumn
2022-03-26,S001,P0001,Groceries,South,81,4,128,22.91,81.93,20,Snowy,1,84.51,Summer
2022-03-27,S001,P0001,Toys,South,324,289,95,279.09,78.21,10,Snowy,0,81.17,Autumn
2022-03-28,S001,P0001,Groceries,West,393,49,57,61.96,68.54,0,Rainy,0,65.85,Summer
2022-03-29,S001,P0001,Electronics,West,110,3,65,-1.27,65.91,5,Rainy,0,63.5,Winter
2022-03-30,S001,P0001,Groceries,South,339,136,191,154.62,32.07,0,Snowy,0,35.44,Autumn
2022-03-31,S001,P0001,Clothing,South,358,85,151,91.85,63.02,0,Sunny,0,61.79,Autumn
2022-04-01,S001,P0001,Furniture,West,215,101,65,102.74,44.62,0,Cloudy,1,43.36,Summer
2022-04-02,S001,P0001,Furniture,East,200,70,54,74.21,81.11,15,Sunny,1,85.3,Winter
2022-04-03,S001,P0001,Toys,South,208,32,142,42.34,51.04,15,Snowy,0,51.16,Summer
2022-04-04,S001,P0001,Furniture,North,70,54,197,60.25,70.04,10,Sunny,1,74.56,Summer
2022-04-05,S001,P0001,Groceries,East,309,165,105,176.64,90.24,10,Snowy,0,94.06,Winter
2022-04-06,S001,P0001,Groceries,West,322,158,29,174.98,23.65,10,Rainy,0,20.38,Spring
2022-04-07,S001,P0001,Furniture,South,84,26,134,30.94,67.82,0,Snowy,1,62.89,Winter
2022-04-08,S001,P0001,Furniture,East,322,130,173,148.95,27.4,15,Rainy,0,24.46,Spring
2022-04-09,S001,P0001,Groceries,North,435,121,60,113.81,69.13,15,Cloudy,1,65.28,Spring
2022-04-10,S001,P0001,Groceries,East,292,282,200,301.68,96.48,5,Sunny,0,92.65,Summer
2022-04-11,S001,P0001,Groceries,South,376,358,192,367.23,46.43,0,Rainy,1,50.45,Spring
2022-04-12,S001,P0001,Clothing,West,381,238,139,237.67,74.25,15,Rainy,0,78.42,Summer
2022-04-13,S001,P0001,Electronics,East,433,279,79,293.17,78.35,10,Snowy,1,76.87,Autumn
2022-04-14,S001,P0001,Electronics,South,241,108,126,110.02,83.64,20,Sunny,0,79.51,Spring
2022-04-15,S001,P0001,Toys,West,136,32,165,24.81,95.63,10,Sunny,1,90.95,Winter
2022-04-16,S001,P0001,Groceries,East,445,183,43,176.76,74.81,10,Cloudy,0,78.85,Spring
2022-04-17,S001,P0001,Toys,West,396,365,109,363.52,68.35,5,Cloudy,0,71.54,Summer
2022-04-18,S001,P0001,Groceries,South,319,47,185,37.98,53.83,20,Rainy,0,50.51,Winter
2022-04-19,S001,P0001,Electronics,North,60,41,195,38.56,66.6,15,Rainy,1,62.37,Winter
2022-04-20,S001,P0001,Furniture,North,164,51,131,46.97,14.9,20,Cloudy,1,13.27,Summer
2022-04-21,S001,P0001,Furniture,North,320,107,27,109.15,84.81,0,Rainy,1,87.15,Winter
2022-04-22,S001,P0001,Groceries,West,407,405,68,410.98,93.83,15,Snowy,0,97.11,Autumn
2022-04-23,S001,P0001,Electronics,East,291,212,97,208.81,36.5,15,Sunny,1,41.26,Spring
2022-04-24,S001,P0001,Toys,South,81,14,59,33.2,20.46,15,Snowy,1,23.22,Winter
2022-04-25,S001,P0001,Clothing,West,52,45,32,48.53,71.32,5,Cloudy,1,73.35,Spring
2022-04-26,S001,P0001,Groceries,South,489,452,98,442.38,29.14,10,Cloudy,0,29.25,Winter
2022-04-27,S001,P0001,Electronics,South,422,288,52,298.22,43.71,15,Cloudy,0,44.73,Summer
2022-04-28,S001,P0001,Groceries,South,348,334,167,329.4,47.06,10,Rainy,1,49.09,Autumn
2022-04-29,S001,P0001,Groceries,South,319,27,121,31.1,34.81,0,Rainy,1,38.71,Winter
2022-04-30,S001,P0001,Toys,South,162,149,71,143.4,20.41,20,Cloudy,0,23.49,Summer
2022-05-01,S001,P0001,Electronics,East,125,0,117,-8.04,36.91,10,Cloudy,0,37.85,Spring
2022-05-02,S001,P0001,Toys,East,193,1,71,-1.99,37.57,0,Rainy,1,37.35,Autumn
2022-05-03,S001,P0001,Toys,East,231,18,92,32.61,47.42,20,Sunny,1,50.88,Winter
2022-05-04,S001,P0001,Furniture,West,383,127,131,126.03,30.44,20,Cloudy,0,25.63,Spring
2022-05-05,S001,P0001,Toys,South,252,49,172,45.42,21.29,20,Rainy,0,23.42,Autumn
2022-05-06,S001,P0001,Groceries,South,253,26,79,40.4,87.62,10,Rainy,1,89.03,Spring
2022-05-07,S001,P0001,Furniture,East,334,39,150,44.63,65.44,20,Sunny,1,69.95,Winter
2022-05-08,S001,P0001,Clothing,South,103,6,120,13.1,30.86,5,Snowy,0,35.02,Spring
2022-05-09,S001,P0001,Toys,West,195,173,94,184.02,55.13,15,Sunny,0,52.38,Winter
2022-05-10,S001,P0001,Toys,North,118,19,138,25.79,60.66,15,Snowy,0,55.68,Autumn
2022-05-11,S001,P0001,Toys,West,185,19,142,16.37,23.93,10,Rainy,1,25.74,Autumn
2022-05-12,S001,P0001,Electronics,East,426,10,25,2.78,94.22,0,Sunny,0,95.15,Winter
2022-05-13,S001,P0001,Groceries,North,496,357,36,353.82,14.24,5,Cloudy,0,12.13,Spring
2022-05-14,S001,P0001,Furniture,East,470,226,137,224.85,61.31,10,Sunny,0,61.59,Autumn
2022-05-15,S001,P0001,Toys,South,392,213,189,216.51,39.12,5,Snowy,1,43.33,Spring
2022-05-16,S001,P0001,Groceries,North,179,121,32,112.72,97.06,15,Sunny,1,97.63,Spring
2022-05-17,S001,P0001,Electronics,East,264,191,192,201.31,82.48,15,Snowy,0,80.01,Spring
2022-05-18,S001,P0001,Toys,South,373,148,22,146.02,22.09,20,Snowy,1,19.85,Winter
2022-05-19,S001,P0001,Clothing,West,81,17,117,24.29,34.33,10,Sunny,0,32.74,Autumn
2022-05-20,S001,P0001,Groceries,West,340,75,71,83.43,85.99,15,Cloudy,0,90.45,Autumn
2022-05-21,S001,P0001,Clothing,East,494,314,20,323.92,75.6,0,Sunny,1,76.8,Winter
2022-05-22,S001,P0001,Furniture,North,175,46,196,62.81,73.44,5,Rainy,0,68.48,Winter
2022-05-23,S001,P0001,Clothing,East,114,66,46,67.77,19.09,5,Snowy,0,23.61,Spring
2022-05-24,S001,P0001,Clothing,West,459,173,132,181.74,15.58,10,Snowy,1,11.36,Spring
2022-05-25,S001,P0001,Toys,West,78,68,113,76.27,45.81,10,Cloudy,0,43.73,Spring
2022-05-26,S001,P0001,Clothing,East,211,200,114,207.14,14.76,5,Sunny,1,14.03,Autumn
2022-05-27,S001,P0001,Furniture,South,94,32,190,40.77,19.35,5,Cloudy,1,24.18,Summer
2022-05-28,S001,P0001,Toys,East,434,393,192,409.98,47.5,20,Sunny,0,45.41,Winter
2022-05-29,S001,P0001,Furniture,West,94,11,20,21.8,68.32,0,Cloudy,0,72.05,Winter
2022-05-30,S001,P0001,Toys,West,372,307,75,309.22,15.94,0,Rainy,1,16.59,Spring
2022-05-31,S001,P0001,Clothing,East,111,109,166,117.21,52.95,10,Snowy,1,50.25,Spring
2022-06-01,S001,P0001,Toys,North,461,198,119,192.58,11.52,15,Rainy,1,8.27,Spring
2022-06-02,S001,P0001,Clothing,West,386,385,144,388.15,98.99,10,Snowy,1,96.79,Spring
2022-06-03,S001,P0001,Clothing,North,53,25,147,43.58,54.62,10,Rainy,0,58.21,Winter
2022-06-04,S001,P0001,Electronics,West,72,48,71,53.64,67.67,20,Cloudy,0,66.42,Winter
2022-06-05,S001,P0001,Groceries,West,265,164,57,161.11,84.43,15,Sunny,0,80.65,Summer
2022-06-06,S001,P0001,Furniture,North,219,113,107,119.18,94.24,15,Rainy,0,96.41,Spring
2022-06-07,S001,P0001,Groceries,East,256,237,25,227.01,92.79,5,Cloudy,0,97.71,Autumn
2022-06-08,S001,P0001,Groceries,East,209,90,93,103.1,98.92,10,Rainy,0,103.21,Spring
2022-06-09,S001,P0001,Toys,South,403,259,85,264.28,15.22,10,Sunny,0,17.12,Autumn
2022-06-10,S001,P0001,Clothing,North,163,158,152,170.85,51.57,5,Rainy,0,55.42,Spring
2022-06-11,S001,P0001,Groceries,East,374,254,25,253.13,13.91,5,Rainy,0,10.4,Spring
2022-06-12,S001,P0001,Clothing,South,469,315,132,322.64,37.8,15,Cloudy,1,35.55,Winter
2022-06-13,S001,P0001,Electronics,West,91,58,193,74.6,55.8,20,Snowy,0,58.37,Autumn
2022-06-14,S001,P0001,Clothing,East,133,109,121,121.46,35.77,5,Sunny,1,32.59,Summer
2022-06-15,S001,P0001,Electronics,South,124,98,52,101.53,91.53,15,Snowy,0,90.63,Spring
2022-06-16,S001,P0001,Furniture,West,290,260,158,257.66,59.27,20,Rainy,1,61.2,Autumn
2022-06-17,S001,P0001,Furniture,East,289,53,41,59.75,75.73,15,Sunny,0,78.27,Winter
2022-06-18,S001,P0001,Furniture,North,390,31,68,39.96,25.77,15,Snowy,1,23.18,Spring
2022-06-19,S001,P0001,Furniture,East,478,253,183,255.2,90.94,0,Sunny,0,86.82,Spring
2022-06-20,S001,P0001,Electronics,West,338,205,175,208.89,86.86,10,Rainy,0,90.39,Spring
2022-06-21,S001,P0001,Groceries,North,403,191,137,182.13,79.86,0,Snowy,1,76.93,Summer
2022-06-22,S001,P0001,Electronics,West,264,238,187,253.34,19.44,5,Snowy,1,16.29,Winter
2022-06-23,S001,P0001,Clothing,West,492,268,144,263.81,13.76,20,Snowy,0,14.59,Summer
2022-06-24,S001,P0001,Furniture,North,321,95,164,107.92,96.38,20,Sunny,1,95.65,Spring
2022-06-25,S001,P0001,Toys,North,454,202,109,199.67,19.9,5,Snowy,1,17.02,Autumn
2022-06-26,S001,P0001,Furniture,North,74,8,93,21.87,23.59,5,Rainy,1,20.6,Autumn
2022-06-27,S001,P0001,Toys,North,421,48,185,48.5,11.81,0,Snowy,0,14.38,Summer
2022-06-28,S001,P0001,Groceries,South,332,256,55,256.57,15.81,10,Snowy,0,17.15,Winter
2022-06-29,S001,P0001,Clothing,North,58,22,103,22.15,80.64,0,Rainy,1,85.29,Summer
2022-06-30,S001,P0001,Clothing,North,452,151,129,159.37,74.75,5,Sunny,0,73.99,Summer
2022-07-01,S001,P0001,Clothing,South,372,35,152,37.91,43.74,0,Sunny,0,39.82,Autumn
2022-07-02,S001,P0001,Groceries,East,61,8,20,-1.43,42.42,0,Cloudy,0,40.55,Autumn
2022-07-03,S001,P0001,Furniture,South,149,92,140,97.47,79.84,0,Rainy,1,78.34,Spring
2022-07-04,S001,P0001,Electronics,West,483,143,114,153.26,15.79,15,Cloudy,1,19.12,Autumn
2022-07-05,S001,P0001,Toys,North,104,75,160,78.99,81.22,10,Snowy,1,84.72,Summer
2022-07-06,S001,P0001,Groceries,East,305,4,157,21.76,46.96,20,Rainy,1,49.08,Autumn
2022-07-07,S001,P0001,Toys,East,115,70,170,60.33,96.25,5,Snowy,0,94.4,Summer
2022-07-08,S001,P0001,Groceries,West,145,118,161,130.28,78.51,5,Snowy,1,79.41,Summer
2022-07-09,S001,P0001,Groceries,West,190,6,128,-0.67,56.87,20,Cloudy,0,56.37,Spring
2022-07-10,S001,P0001,Electronics,West,475,56,44,52.08,35.38,0,Sunny,0,35.22,Summer
2022-07-11,S001,P0001,Furniture,East,429,310,167,302.51,70.64,15,Cloudy,0,73.95,Autumn
2022-07-12,S001,P0001,Toys,South,152,87,139,79.62,37.08,20,Rainy,0,32.6,Winter
2022-07-13,S001,P0001,Clothing,South,329,194,134,191.53,45.95,15,Cloudy,1,45.45,Spring
2022-07-14,S001,P0001,Toys,North,399,374,186,381.8,97.5,20,Snowy,0,94.97,Summer
2022-07-15,S001,P0001,Groceries,North,82,63,80,80.63,49.01,15,Cloudy,1,45.88,Winter
2022-07-16,S001,P0001,Furniture,South,87,39,146,37.8,79.94,0,Cloudy,1,83.3,Summer
2022-07-17,S001,P0001,Electronics,North,63,12,196,6.27,33.84,20,Sunny,1,29.74,Autumn
2022-07-18,S001,P0001,Furniture,South,193,42,85,44.03,34.46,10,Sunny,0,37.37,Summer
2022-07-19,S001,P0001,Toys,South,238,179,198,178.55,56.65,10,Rainy,1,54.38,Autumn
2022-07-20,S001,P0001,Electronics,East,392,114,92,111.42,81.18,0,Cloudy,1,77.62,Winter
2022-07-21,S001,P0001,Clothing,West,498,183,70,187.08,36.04,20,Sunny,0,40.66,Summer
2022-07-22,S001,P0001,Clothing,East,422,88,101,91.67,92.32,10,Cloudy,0,94.95,Winter
2022-07-23,S001,P0001,Groceries,West,315,236,82,241.58,45.02,0,Snowy,0,47.05,Autumn
2022-07-24,S001,P0001,Toys,East,337,292,107,290.05,43.51,15,Snowy,1,39.9,Autumn
2022-07-25,S001,P0001,Clothing,North,96,34,164,48.12,44.95,20,Snowy,1,43.78,Autumn
2022-07-26,S001,P0001,Furniture,North,212,153,120,172.55,30.28,10,Sunny,1,26.82,Spring
2022-07-27,S001,P0001,Clothing,North,404,266,128,282.32,80.67,15,Snowy,1,82.11,Summer
2022-07-28,S001,P0001,Groceries,South,314,312,83,308.96,74.05,15,Cloudy,1,74.41,Spring
2022-07-29,S001,P0001,Groceries,West,304,177,41,177.06,45.77,0,Sunny,0,47.74,Autumn
2022-07-30,S001,P0001,Groceries,South,418,202,58,209.87,99.17,20,Cloudy,0,101.36,Winter
2022-07-31,S001,P0001,Furniture,East,423,322,39,338.0,87.79,0,Sunny,0,86.17,Spring
2022-08-01,S001,P0001,Furniture,West,73,67,149,75.93,28.22,15,Rainy,1,29.58,Spring
2022-08-02,S001,P0001,Electronics,West,252,141,108,154.13,87.87,0,Cloudy,0,90.51,Spring
2022-08-03,S001,P0001,Clothing,East,329,224,199,239.96,25.2,20,Snowy,1,22.86,Autumn
2022-08-04,S001,P0001,Toys,North,405,276,21,276.45,65.97,15,Cloudy,0,67.54,Spring
2022-08-05,S001,P0001,Electronics,North,427,27,184,38.51,87.72,10,Snowy,1,83.51,Autumn
2022-08-06,S001,P0001,Furniture,West,320,229,63,228.17,64.06,15,Snowy,0,64.54,Summer
2022-08-07,S001,P0001,Electronics,South,420,244,44,261.5,58.96,15,Rainy,0,60.11,Winter
2022-08-08,S001,P0001,Clothing,East,338,46,56,54.41,99.12,0,Snowy,0,99.98,Autumn
2022-08-09,S001,P0001,Furniture,West,211,208,194,217.42,98.6,5,Sunny,0,98.28,Summer
2022-08-10,S001,P0001,Electronics,North,278,16,30,20.77,62.69,5,Sunny,1,63.49,Spring
2022-08-11,S001,P0001,Groceries,East,479,178,183,190.91,33.11,5,Rainy,0,30.79,Winter
2022-08-12,S001,P0001,Toys,East,182,153,153,166.26,40.65,15,Cloudy,1,42.0,Autumn
2022-08-13,S001,P0001,Clothing,West,77,71,190,85.88,57.41,10,Cloudy,1,60.47,Summer
2022-08-14,S001,P0001,Electronics,South,492,344,79,359.21,79.74,20,Rainy,0,78.1,Winter
2022-08-15,S001,P0001,Groceries,South,187,156,51,150.99,95.07,10,Sunny,0,92.8,Spring
2022-08-16,S001,P0001,Electronics,South,348,129,96,124.3,70.95,5,Rainy,1,72.86,Autumn
2022-08-17,S001,P0001,Clothing,West,404,248,34,265.98,25.53,10,Cloudy,1,27.14,Winter
2022-08-18,S001,P0001,Toys,North,70,4,117,22.14,41.42,5,Sunny,1,43.64,Winter
2022-08-19,S001,P0001,Electronics,North,192,178,70,192.76,21.86,0,Rainy,0,23.9,Autumn
2022-08-20,S001,P0001,Furniture,East,418,376,165,372.87,80.76,5,Snowy,1,82.52,Winter
2022-08-21,S001,P0001,Furniture,North,263,176,26,176.63,97.35,15,Rainy,0,102.28,Summer
2022-08-22,S001,P0001,Groceries,East,248,74,114,88.75,61.73,15,Sunny,0,61.65,Winter
2022-08-23,S001,P0001,Electronics,West,497,227,119,229.28,82.81,20,Cloudy,0,79.69,Winter
2022-08-24,S001,P0001,Groceries,East,298,42,98,38.36,44.19,5,Rainy,1,46.53,Autumn
2022-08-25,S001,P0001,Toys,East,260,63,26,81.8,33.23,5,Rainy,1,33.56,Spring
2022-08-26,S001,P0001,Clothing,West,355,165,147,158.1,42.44,5,Sunny,1,46.87,Summer
2022-08-27,S001,P0001,Groceries,North,341,225,105,225.93,80.7,5,Sunny,1,82.68,Winter
2022-08-28,S001,P0001,Clothing,West,65,11,175,7.9,45.23,5,Sunny,1,41.33,Winter
2022-08-29,S001,P0001,Furniture,West,205,180,82,191.15,72.86,0,Cloudy,0,76.81,Spring
2022-08-30,S001,P0001,Furniture,North,270,164,71,160.58,37.33,0,Snowy,0,40.49,Autumn
2022-08-31,S001,P0001,Electronics,North,278,204,104,211.37,25.2,15,Sunny,0,29.05,Winter
2022-09-01,S001,P0001,Electronics,South,61,17,49,32.92,50.89,15,Snowy,1,47.53,Autumn
2022-09-02,S001,P0001,Clothing,West,157,155,86,145.5,38.87,0,Rainy,0,37.89,Summer
2022-09-03,S001,P0001,Clothing,East,179,153,174,155.65,13.1,0,Sunny,0,16.11,Spring
2022-09-04,S001,P0001,Toys,West,290,59,100,67.75,37.08,0,Rainy,0,32.63,Spring
2022-09-05,S001,P0001,Clothing,South,460,64,84,69.46,39.31,15,Snowy,0,35.96,Spring
2022-09-06,S001,P0001,Electronics,East,385,365,92,363.19,95.87,0,Cloudy,0,95.64,Summer
2022-09-07,S001,P0001,Clothing,South,95,71,151,70.51,37.45,10,Sunny,1,36.16,Winter
2022-09-08,S001,P0001,Groceries,North,83,48,154,54.61,16.62,20,Cloudy,1,15.11,Autumn
2022-09-09,S001,P0001,Toys,North,220,0,102,-6.71,38.45,20,Sunny,1,39.51,Winter
2022-09-10,S001,P0001,Toys,East,344,228,100,238.17,84.98,20,Rainy,0,84.45,Summer
2022-09-11,S001,P0001,Electronics,South,315,276,141,287.07,36.82,20,Cloudy,0,41.07,Spring
2022-09-12,S001,P0001,Toys,North,388,351,90,344.94,96.51,20,Snowy,1,99.35,Spring
2022-09-13,S001,P0001,Electronics,West,498,461,199,468.44,85.21,20,Cloudy,1,83.81,Summer
2022-09-14,S001,P0001,Furniture,South,339,89,157,86.33,56.58,0,Sunny,0,58.26,Winter
2022-09-15,S001,P0001,Groceries,North,470,380,109,385.57,52.62,15,Rainy,1,52.38,Summer
2022-09-16,S001,P0001,Groceries,West,111,64,93,82.19,90.5,20,Sunny,1,88.37,Autumn
2022-09-17,S001,P0001,Clothing,East,420,183,130,189.44,62.9,15,Snowy,0,59.01,Spring
2022-09-18,S001,P0001,Electronics,North,334,46,68,41.78,44.61,15,Cloudy,1,39.92,Spring
2022-09-19,S001,P0001,Clothing,North,423,277,89,285.93,22.62,10,Sunny,1,18.38,Spring
2022-09-20,S001,P0001,Electronics,West,422,138,199,150.5,79.71,10,Cloudy,1,84.2,Winter
2022-09-21,S001,P0001,Clothing,East,355,83,59,89.08,32.67,10,Rainy,1,28.61,Autumn
2022-09-22,S001,P0001,Furniture,South,408,150,20,142.14,49.37,20,Cloudy,1,52.15,Summer
2022-09-23,S001,P0001,Electronics,South,263,31,26,30.06,51.67,20,Snowy,1,53.49,Spring
2022-09-24,S001,P0001,Clothing,South,468,148,23,164.07,85.0,0,Rainy,1,84.44,Autumn
2022-09-25,S001,P0001,Furniture,West,270,263,43,265.75,94.64,10,Sunny,1,94.17,Summer
2022-09-26,S001,P0001,Groceries,East,362,248,194,261.34,43.75,15,Cloudy,1,43.92,Summer
2022-09-27,S001,P0001,Groceries,West,103,41,33,54.49,76.75,15,Sunny,0,81.28,Summer
2022-09-28,S001,P0001,Toys,East,104,36,83,44.51,46.66,5,Sunny,1,42.76,Spring
2022-09-29,S001,P0001,Clothing,North,110,108,116,117.65,58.28,0,Rainy,1,56.66,Winter
2022-09-30,S001,P0001,Groceries,South,214,59,114,64.08,66.84,10,Cloudy,1,65.54,Spring
2022-10-01,S001,P0001,Clothing,West,212,201,20,209.06,58.74,10,Snowy,0,62.94,Winter
2022-10-02,S001,P0001,Furniture,South,361,336,152,348.68,79.35,20,Snowy,0,79.48,Spring
2022-10-03,S001,P0001,Electronics,North,139,125,108,134.23,87.39,5,Rainy,1,85.33,Autumn
2022-10-04,S001,P0001,Furniture,South,197,17,155,15.47,38.73,0,Rainy,0,38.79,Winter
2022-10-05,S001,P0001,Groceries,West,159,25,42,19.91,19.32,10,Sunny,1,16.25,Spring
2022-10-06,S001,P0001,Clothing,South,118,39,143,38.87,73.1,15,Rainy,0,77.49,Autumn
2022-10-07,S001,P0001,Toys,East,446,322,147,322.39,38.45,10,Sunny,1,41.12,Summer
2022-10-08,S001,P0001,Furniture,East,270,169,58,178.73,73.17,15,Snowy,0,75.17,Summer
2022-10-09,S001,P0001,Groceries,South,91,52,108,57.7,80.46,20,Rainy,0,83.16,Summer
2022-10-10,S001,P0001,Electronics,East,343,300,29,312.83,77.43,0,Rainy,1,81.59,Summer
2022-10-11,S001,P0001,Clothing,South,97,12,170,5.53,72.38,10,Cloudy,1,75.36,Summer
2022-10-12,S001,P0001,Electronics,West,498,315,167,330.7,78.14,15,Snowy,0,76.05,Autumn
2022-10-13,S001,P0001,Furniture,West,90,9,37,23.0,90.38,20,Sunny,0,93.62,Summer
2022-10-14,S001,P0001,Groceries,East,414,317,92,318.92,16.47,0,Snowy,1,18.67,Autumn
2022-10-15,S001,P0001,Groceries,North,58,57,81,60.73,69.84,10,Cloudy,1,69.96,Summer
2022-10-16,S001,P0001,Toys,East,120,113,77,109.12,41.81,15,Snowy,1,38.68,Spring
2022-10-17,S001,P0001,Clothing,East,440,353,119,352.61,63.43,10,Snowy,0,62.88,Winter
2022-10-18,S001,P0001,Furniture,East,403,274,115,270.03,83.62,10,Cloudy,1,79.44,Summer
2022-10-19,S001,P0001,Furniture,East,125,50,99,49.85,67.28,0,Rainy,0,69.32,Spring
2022-10-20,S001,P0001,Furniture,South,325,116,32,127.68,43.3,5,Sunny,1,40.78,Spring
2022-10-21,S001,P0001,Furniture,South,99,37,111,47.78,18.16,0,Snowy,1,20.35,Spring
2022-10-22,S001,P0001,Groceries,North,211,39,188,39.75,53.26,15,Cloudy,0,53.92,Summer
2022-10-23,S001,P0001,Electronics,East,192,136,80,135.98,83.95,10,Cloudy,0,88.37,Summer
2022-10-24,S001,P0001,Toys,South,367,295,123,296.27,86.49,20,Cloudy,0,91.27,Spring
2022-10-25,S001,P0001,Furniture,North,72,37,78,39.52,96.07,10,Cloudy,1,99.33,Winter
2022-10-26,S001,P0001,Toys,East,77,39,165,50.94,22.95,20,Snowy,0,24.46,Autumn
2022-10-27,S001,P0001,Toys,North,304,248,144,254.9,72.39,20,Cloudy,0,76.3,Summer
2022-10-28,S001,P0001,Clothing,South,361,203,86,220.81,65.56,0,Rainy,0,68.64,Summer
2022-10-29,S001,P0001,Electronics,East,244,97,64,113.52,54.42,15,Rainy,1,59.37,Summer
2022-10-30,S001,P0001,Groceries,North,352,70,195,73.13,70.73,5,Cloudy,0,75.62,Summer
2022-10-31,S001,P0001,Electronics,East,59,14,199,16.22,20.5,5,Cloudy,1,20.73,Autumn
2022-11-01,S001,P0001,Groceries,South,187,171,54,180.04,67.35,15,Rainy,1,64.22,Winter
2022-11-02,S001,P0001,Toys,South,414,136,90,155.19,55.6,5,Sunny,1,52.77,Autumn
2022-11-03,S001,P0001,Electronics,South,341,179,92,180.53,47.34,5,Snowy,0,42.41,Spring
2022-11-04,S001,P0001,Clothing,West,207,161,71,171.29,57.43,10,Sunny,1,53.14,Autumn
2022-11-05,S001,P0001,Electronics,East,386,305,167,320.49,68.07,15,Cloudy,0,71.62,Spring
2022-11-06,S001,P0001,Groceries,West,403,171,94,175.63,72.66,20,Snowy,0,67.92,Winter
2022-11-07,S001,P0001,Groceries,West,176,112,62,131.48,36.66,5,Sunny,1,41.25,Summer
2022-11-08,S001,P0001,Furniture,West,244,139,23,132.1,26.01,15,Cloudy,1,26.27,Summer
2022-11-09,S001,P0001,Electronics,North,462,105,132,120.83,64.86,5,Rainy,0,65.06,Winter
2022-11-10,S001,P0001,Groceries,North,319,30,58,37.94,16.23,15,Sunny,0,16.97,Autumn
2022-11-11,S001,P0001,Clothing,South,101,77,154,84.96,34.73,5,Cloudy,0,32.96,Summer
2022-11-12,S001,P0001,Electronics,West,238,123,138,138.71,70.68,10,Rainy,0,66.75,Summer
2022-11-13,S001,P0001,Groceries,West,494,79,197,72.66,50.52,15,Rainy,0,46.51,Summer
2022-11-14,S001,P0001,Furniture,East,99,8,161,22.47,77.41,0,Cloudy,1,74.8,Winter
2022-11-15,S001,P0001,Toys,South,172,24,107,18.85,62.9,20,Rainy,0,63.16,Autumn
2022-11-16,S001,P0001,Groceries,West,406,137,27,150.83,70.57,20,Rainy,0,68.87,Summer
2022-11-17,S001,P0001,Clothing,West,57,10,63,11.0,93.26,5,Cloudy,0,88.62,Summer
2022-11-18,S001,P0001,Toys,North,152,107,154,103.01,57.49,5,Cloudy,0,54.07,Autumn
2022-11-19,S001,P0001,Clothing,West,497,156,85,162.29,12.45,5,Snowy,1,16.43,Spring
2022-11-20,S001,P0001,Toys,South,268,239,28,251.11,38.68,10,Cloudy,1,40.98,Winter
2022-11-21,S001,P0001,Electronics,North,257,16,75,24.89,10.26,0,Snowy,1,8.24,Spring
2022-11-22,S001,P0001,Furniture,West,397,63,82,80.85,21.34,15,Snowy,0,21.65,Autumn
2022-11-23,S001,P0001,Clothing,East,211,149,141,144.05,25.15,0,Snowy,1,22.26,Autumn
2022-11-24,S001,P0001,Toys,South,113,108,192,108.7,73.81,5,Cloudy,1,74.9,Spring
2022-11-25,S001,P0001,Clothing,South,269,268,57,262.78,26.58,15,Rainy,1,22.12,Autumn
2022-11-26,S001,P0001,Groceries,North,142,72,52,72.83,11.7,10,Snowy,0,16.7,Autumn
2022-11-27,S001,P0001,Toys,North,191,123,145,114.49,90.67,5,Cloudy,0,92.7,Summer
2022-11-28,S001,P0001,Groceries,East,356,10,188,0.02,95.08,0,Rainy,0,97.31,Autumn
2022-11-29,S001,P0001,Clothing,West,210,18,115,10.92,15.67,15,Sunny,1,19.11,Winter
2022-11-30,S001,P0001,Groceries,East,500,381,107,378.47,83.03,15,Snowy,1,81.75,Winter
2022-12-01,S001,P0001,Groceries,South,256,191,37,203.68,81.28,20,Cloudy,0,81.53,Autumn
2022-12-02,S001,P0001,Toys,South,395,289,132,297.13,48.82,10,Cloudy,1,52.69,Winter
2022-12-03,S001,P0001,Groceries,North,186,7,157,26.49,26.42,20,Cloudy,0,29.98,Autumn
2022-12-04,S001,P0001,Furniture,East,485,350,152,342.1,74.62,5,Sunny,0,74.06,Winter
2022-12-05,S001,P0001,Electronics,South,174,6,153,5.81,52.57,10,Snowy,1,50.77,Spring
2022-12-06,S001,P0001,Groceries,North,468,177,87,183.82,30.15,10,Snowy,1,32.92,Summer
2022-12-07,S001,P0001,Furniture,West,191,90,31,109.7,47.24,0,Cloudy,0,45.83,Summer
2022-12-08,S001,P0001,Toys,South,348,281,60,291.88,53.04,20,Rainy,1,54.87,Winter
2022-12-09,S001,P0001,Toys,South,311,311,137,309.01,36.96,0,Cloudy,0,40.26,Spring
2022-12-10,S001,P0001,Toys,South,456,80,69,81.42,90.18,0,Snowy,0,85.83,Winter
2022-12-11,S001,P0001,Electronics,East,119,15,157,32.99,61.17,20,Snowy,1,62.84,Summer
2022-12-12,S001,P0001,Furniture,West,264,27,114,20.83,78.31,15,Sunny,1,78.74,Spring
2022-12-13,S001,P0001,Toys,East,87,41,153,39.71,88.76,15,Snowy,1,92.02,Spring
2022-12-14,S001,P0001,Groceries,East,261,94,137,84.73,61.64,10,Cloudy,0,57.47,Summer
2022-12-15,S001,P0001,Groceries,West,201,114,118,113.35,94.23,0,Sunny,1,98.95,Spring
2022-12-16,S001,P0001,Electronics,East,341,301,97,314.92,73.39,5,Rainy,0,71.04,Autumn
2022-12-17,S001,P0001,Toys,South,362,107,91,104.47,41.65,0,Sunny,1,42.84,Spring
2022-12-18,S001,P0001,Electronics,North,132,72,23,77.42,13.94,10,Cloudy,0,10.53,Autumn
2022-12-19,S001,P0001,Toys,East,196,43,47,54.45,28.42,0,Snowy,0,29.67,Winter
2022-12-20,S001,P0001,Toys,West,208,102,114,94.09,61.01,5,Sunny,0,60.92,Winter
2022-12-21,S001,P0001,Groceries,East,246,167,124,183.87,35.45,10,Sunny,1,31.76,Winter
2022-12-22,S001,P0001,Clothing,South,304,279,165,279.89,91.97,20,Snowy,1,93.47,Summer
2022-12-23,S001,P0001,Electronics,East,455,77,160,75.08,31.09,20,Sunny,1,32.21,Spring
2022-12-24,S001,P0001,Groceries,South,87,40,152,50.75,53.01,5,Sunny,0,50.72,Autumn
2022-12-25,S001,P0001,Groceries,North,99,86,39,84.77,19.82,10,Snowy,1,16.77,Autumn
2022-12-26,S001,P0001,Electronics,West,74,51,139,65.16,72.37,5,Cloudy,1,68.26,Spring
2022-12-27,S001,P0001,Groceries,East,448,164,103,162.36,25.15,0,Cloudy,0,21.87,Spring
2022-12-28,S001,P0001,Clothing,West,486,48,81,59.28,74.05,20,Snowy,0,74.67,Winter
2022-12-29,S001,P0001,Furniture,West,240,28,148,46.05,92.88,15,Snowy,0,96.37,Winter
2022-12-30,S001,P0001,Furniture,North,456,83,32,101.77,61.06,5,Cloudy,0,59.09,Winter
2022-12-31,S001,P0001,Furniture,South,439,378,193,397.08,73.25,0,Cloudy,0,69.24,Spring
2023-01-01,S001,P0001,Clothing,South,425,182,72,194.79,48.37,10,Rainy,1,49.99,Autumn
2023-01-02,S001,P0001,Clothing,South,358,79,71,98.16,57.86,10,Rainy,0,61.61,Summer
2023-01-03,S001,P0001,Electronics,East,284,236,194,248.32,24.2,20,Cloudy,0,27.46,Summer
2023-01-04,S001,P0001,Clothing,East,324,270,93,261.14,31.2,0,Snowy,1,33.99,Autumn
2023-01-05,S001,P0001,Furniture,South,376,136,84,152.46,59.56,15,Snowy,1,63.59,Autumn
2023-01-06,S001,P0001,Furniture,East,422,14,98,29.26,47.91,20,Sunny,1,46.05,Autumn
2023-01-07,S001,P0001,Clothing,West,166,33,132,48.53,56.44,15,Snowy,1,54.01,Winter
2023-01-08,S001,P0001,Toys,West,146,58,43,69.66,72.68,0,Sunny,0,77.24,Summer
2023-01-09,S001,P0001,Toys,East,66,46,163,38.73,65.3,15,Snowy,0,63.42,Winter
2023-01-10,S001,P0001,Electronics,North,120,27,43,35.74,94.52,5,Cloudy,1,92.12,Spring
2023-01-11,S001,P0001,Clothing,East,333,259,20,271.96,30.34,15,Rainy,0,26.64,Summer
2023-01-12,S001,P0001,Clothing,South,86,25,116,29.15,43.03,0,Sunny,0,40.78,Autumn
2023-01-13,S001,P0001,Electronics,East,98,86,123,85.45,19.91,20,Cloudy,1,23.61,Winter
2023-01-14,S001,P0001,Clothing,South,273,54,166,70.72,11.56,15,Rainy,0,13.49,Summer
2023-01-15,S001,P0001,Furniture,East,392,377,65,378.92,25.33,15,Rainy,1,21.68,Autumn
2023-01-16,S001,P0001,Electronics,North,369,156,31,173.46,74.5,20,Cloudy,0,71.74,Summer
2023-01-17,S001,P0001,Furniture,West,251,38,84,37.59,31.17,15,Cloudy,0,29.24,Winter
2023-01-18,S001,P0001,Toys,North,484,137,151,151.19,52.9,0,Sunny,0,49.75,Spring
2023-01-19,S001,P0001,Furniture,West,158,82,48,99.47,70.42,0,Snowy,1,74.25,Summer
2023-01-20,S001,P0001,Clothing,North,316,168,71,165.58,76.29,10,Cloudy,1,72.91,Winter
2023-01-21,S001,P0001,Furniture,West,400,63,147,82.85,55.98,5,Snowy,0,56.3,Spring
2023-01-22,S001,P0001,Toys,West,221,125,177,115.64,45.37,15,Cloudy,1,41.25,Winter
2023-01-23,S001,P0001,Toys,South,130,69,49,61.29,99.46,0,Sunny,0,101.54,Spring
2023-01-24,S001,P0001,Groceries,North,445,407,110,404.58,42.97,15,Snowy,1,38.76,Autumn
2023-01-25,S001,P0001,Groceries,South,331,3,163,-5.87,75.11,0,Cloudy,0,77.2,Autumn
2023-01-26,S001,P0001,Furniture,East,467,167,98,162.67,67.73,20,Cloudy,1,67.33,Spring
2023-01-27,S001,P0001,Clothing,North,174,88,35,101.37,65.66,5,Cloudy,1,67.3,Summer
2023-01-28,S001,P0001,Furniture,West,240,106,115,124.76,66.32,20,Cloudy,0,66.25,Spring
2023-01-29,S001,P0001,Groceries,South,296,221,184,218.87,49.34,20,Cloudy,0,49.31,Winter
2023-01-30,S001,P0001,Furniture,South,419,65,69,80.35,56.68,15,Cloudy,1,58.91,Autumn
2023-01-31,S001,P0001,Electronics,North,257,186,37,200.22,39.53,15,Rainy,1,39.65,Spring
2023-02-01,S001,P0001,Groceries,East,191,91,113,101.43,76.77,10,Rainy,1,75.3,Autumn
2023-02-02,S001,P0001,Furniture,North,195,169,27,181.81,71.03,0,Rainy,1,73.41,Summer
2023-02-03,S001,P0001,Electronics,North,279,120,74,125.49,15.74,20,Sunny,0,15.03,Summer
2023-02-04,S001,P0001,Toys,East,142,30,109,35.19,86.69,15,Snowy,1,87.32,Winter
2023-02-05,S001,P0001,Furniture,North,329,64,68,62.29,45.58,5,Sunny,1,48.46,Winter
2023-02-06,S001,P0001,Clothing,East,280,199,130,215.07,40.45,10,Sunny,0,41.47,Autumn
2023-02-07,S001,P0001,Furniture,North,464,151,166,168.27,45.39,0,Cloudy,0,45.75,Winter
2023-02-08,S001,P0001,Groceries,North,490,145,93,150.68,93.8,5,Cloudy,0,90.83,Autumn
2023-02-09,S001,P0001,Groceries,South,480,245,36,239.54,97.02,0,Sunny,0,92.83,Summer
2023-02-10,S001,P0001,Groceries,North,376,130,164,134.66,43.14,15,Rainy,1,46.84,Summer
2023-02-11,S001,P0001,Furniture,West,443,354,26,358.19,96.44,10,Snowy,0,92.63,Winter
2023-02-12,S001,P0001,Groceries,East,384,336,102,337.95,23.02,0,Sunny,1,24.44,Spring
2023-02-13,S001,P0001,Groceries,East,348,341,74,358.59,55.69,20,Snowy,1,59.96,Winter
2023-02-14,S001,P0001,Toys,East,253,122,107,126.0,69.66,10,Cloudy,0,73.48,Spring
2023-02-15,S001,P0001,Clothing,West,308,246,151,262.21,52.06,15,Cloudy,0,56.55,Winter
2023-02-16,S001,P0001,Toys,South,293,169,27,187.12,58.05,15,Rainy,0,54.44,Spring
2023-02-17,S001,P0001,Groceries,South,464,173,34,167.02,79.76,5,Snowy,0,80.74,Summer
2023-02-18,S001,P0001,Furniture,South,110,74,40,88.03,83.61,20,Sunny,1,87.77,Autumn
2023-02-19,S001,P0001,Electronics,South,454,23,136,35.08,90.0,15,Cloudy,0,93.95,Spring
2023-02-20,S001,P0001,Furniture,North,438,86,189,89.27,60.72,5,Cloudy,0,60.44,Summer
2023-02-21,S001,P0001,Toys,South,198,85,101,93.46,85.54,0,Cloudy,0,84.22,Winter
2023-02-22,S001,P0001,Furniture,North,133,87,174,92.68,73.23,10,Rainy,1,71.56,Spring
2023-02-23,S001,P0001,Groceries,West,317,237,124,240.42,70.85,15,Rainy,1,72.32,Summer
2023-02-24,S001,P0001,Electronics,East,183,62,84,57.19,36.88,15,Snowy,0,34.03,Winter
2023-02-25,S001,P0001,Electronics,West,127,82,108,89.64,88.58,10,Rainy,1,83.74,Autumn
2023-02-26,S001,P0001,Toys,North,464,247,74,241.98,89.52,5,Cloudy,1,90.6,Spring
2023-02-27,S001,P0001,Furniture,North,420,63,27,78.3,83.93,10,Cloudy,0,83.91,Winter
2023-02-28,S001,P0001,Clothing,West,270,265,178,259.3,48.07,5,Snowy,1,46.59,Spring
2023-03-01,S001,P0001,Clothing,West,461,24,33,35.98,20.6,20,Sunny,1,23.83,Winter
2023-03-02,S001,P0001,Furniture,West,399,177,194,168.42,90.41,10,Sunny,1,88.95,Winter
2023-03-03,S001,P0001,Clothing,West,365,269,124,274.64,28.24,10,Rainy,1,23.73,Winter
2023-03-04,S001,P0001,Groceries,North,226,168,111,166.88,12.41,0,Rainy,0,7.73,Autumn
2023-03-05,S001,P0001,Furniture,North,278,153,115,169.71,36.8,5,Rainy,1,39.84,Autumn
2023-03-06,S001,P0001,Toys,North,479,441,121,447.29,61.0,20,Sunny,0,64.5,Autumn
2023-03-07,S001,P0001,Toys,East,499,35,173,37.28,95.27,20,Snowy,1,99.52,Spring
2023-03-08,S001,P0001,Toys,East,349,261,42,277.99,81.16,5,Cloudy,0,83.02,Autumn
2023-03-09,S001,P0001,Electronics,North,80,18,114,18.39,69.64,5,Cloudy,0,70.57,Summer
2023-03-10,S001,P0001,Furniture,South,359,132,74,148.16,49.16,15,Sunny,1,52.19,Summer
2023-03-11,S001,P0001,Furniture,North,304,85,105,79.44,95.88,5,Cloudy,1,91.55,Spring
2023-03-12,S001,P0001,Furniture,East,449,386,156,382.38,85.73,10,Cloudy,0,83.07,Summer
2023-03-13,S001,P0001,Electronics,North,91,12,169,23.91,56.83,10,Cloudy,0,55.77,Spring
2023-03-14,S001,P0001,Furniture,West,186,12,187,8.3,76.36,0,Sunny,1,76.19,Spring
2023-03-15,S001,P0001,Clothing,West,72,29,122,47.86,87.44,15,Rainy,0,86.35,Winter
2023-03-16,S001,P0001,Groceries,East,57,53,185,58.35,83.0,20,Snowy,0,79.14,Winter
2023-03-17,S001,P0001,Toys,West,413,107,54,111.79,19.03,5,Snowy,0,14.79,Spring
2023-03-18,S001,P0001,Clothing,South,104,54,37,54.81,18.54,15,Cloudy,1,16.58,Spring
2023-03-19,S001,P0001,Groceries,East,339,233,47,251.54,22.41,0,Rainy,0,24.63,Summer
2023-03-20,S001,P0001,Clothing,East,280,18,189,27.78,20.27,0,Rainy,1,19.51,Summer
2023-03-21,S001,P0001,Groceries,West,318,38,76,29.18,96.74,20,Rainy,1,95.75,Spring
2023-03-22,S001,P0001,Clothing,West,341,262,65,265.24,50.97,0,Rainy,1,50.25,Summer
2023-03-23,S001,P0001,Clothing,East,126,22,163,15.89,48.99,20,Snowy,1,47.32,Autumn
2023-03-24,S001,P0001,Furniture,East,471,239,65,252.08,51.46,5,Sunny,0,54.69,Spring
2023-03-25,S001,P0001,Toys,East,495,382,45,384.54,86.51,20,Cloudy,1,83.4,Winter
2023-03-26,S001,P0001,Groceries,North,447,289,149,288.07,97.07,15,Cloudy,0,100.61,Autumn
2023-03-27,S001,P0001,Groceries,South,279,90,148,89.78,35.09,5,Cloudy,0,33.32,Autumn
2023-03-28,S001,P0001,Groceries,East,366,339,200,357.8,10.7,15,Rainy,1,7.19,Winter
2023-03-29,S001,P0001,Groceries,East,178,159,35,176.47,87.21,0,Rainy,1,84.35,Winter
2023-03-30,S001,P0001,Furniture,East,166,35,80,52.97,58.13,10,Snowy,1,60.74,Summer
2023-03-31,S001,P0001,Furniture,West,351,171,161,163.71,85.99,20,Snowy,0,90.47,Winter
2023-04-01,S001,P0001,Groceries,North,499,308,122,311.8,35.65,15,Cloudy,1,39.74,Summer
2023-04-02,S001,P0001,Clothing,East,470,337,160,332.15,49.55,0,Rainy,0,52.76,Spring
2023-04-03,S001,P0001,Toys,West,382,231,112,233.55,58.38,5,Rainy,1,59.41,Summer
2023-04-04,S001,P0001,Clothing,South,188,91,25,107.15,40.16,20,Sunny,1,38.61,Autumn
2023-04-05,S001,P0001,Furniture,East,370,117,97,117.97,16.43,10,Snowy,1,17.32,Winter
2023-04-06,S001,P0001,Clothing,West,329,270,142,264.29,55.17,0,Snowy,1,53.14,Summer
2023-04-07,S001,P0001,Clothing,South,184,41,179,49.84,35.07,5,Snowy,0,37.07,Summer
2023-04-08,S001,P0001,Groceries,South,78,6,133,24.34,74.81,20,Sunny,1,74.06,Winter
2023-04-09,S001,P0001,Furniture,West,65,33,54,28.72,33.0,15,Sunny,0,36.59,Summer
2023-04-10,S001,P0001,Toys,North,364,28,100,40.76,47.59,0,Cloudy,0,50.86,Winter
2023-04-11,S001,P0001,Groceries,South,64,61,61,77.97,36.36,0,Cloudy,0,34.85,Spring
2023-04-12,S001,P0001,Groceries,North,368,233,66,235.78,13.44,15,Cloudy,0,11.85,Spring
2023-04-13,S001,P0001,Electronics,North,231,15,198,22.25,20.6,5,Snowy,1,18.44,Summer
2023-04-14,S001,P0001,Toys,South,486,379,190,375.28,37.13,5,Sunny,0,34.55,Winter
2023-04-15,S001,P0001,Furniture,South,187,109,158,101.31,34.42,0,Sunny,0,36.53,Autumn
2023-04-16,S001,P0001,Toys,South,330,108,189,119.64,61.02,20,Rainy,0,60.32,Spring
2023-04-17,S001,P0001,Clothing,West,332,82,110,82.49,13.85,0,Snowy,1,14.94,Spring
2023-04-18,S001,P0001,Electronics,North,92,58,116,62.79,95.48,15,Sunny,1,95.36,Autumn
2023-04-19,S001,P0001,Electronics,West,66,18,187,26.91,74.03,5,Snowy,1,71.97,Winter
2023-04-20,S001,P0001,Toys,West,419,72,132,91.26,68.59,10,Rainy,0,65.66,Spring
2023-04-21,S001,P0001,Groceries,South,379,153,169,143.13,74.42,0,Cloudy,0,71.61,Spring
2023-04-22,S001,P0001,Clothing,East,375,114,179,114.68,75.0,15,Cloudy,0,73.81,Autumn
2023-04-23,S001,P0001,Groceries,South,396,62,37,60.57,26.02,10,Snowy,0,22.06,Summer
2023-04-24,S001,P0001,Groceries,West,54,37,159,32.97,68.76,0,Rainy,0,67.66,Winter
2023-04-25,S001,P0001,Toys,South,217,165,168,159.74,58.65,10,Cloudy,1,57.71,Winter
2023-04-26,S001,P0001,Toys,East,438,388,84,386.22,59.44,20,Rainy,1,58.9,Spring
2023-04-27,S001,P0001,Electronics,South,232,213,101,216.53,20.22,20,Cloudy,1,18.0,Spring
2023-04-28,S001,P0001,Furniture,West,277,145,147,139.3,36.91,10,Sunny,1,39.82,Spring
2023-04-29,S001,P0001,Furniture,North,217,28,104,18.1,99.67,5,Sunny,1,98.05,Autumn
2023-04-30,S001,P0001,Furniture,South,145,18,190,8.2,96.29,20,Snowy,0,98.47,Autumn
2023-05-01,S001,P0001,Electronics,West,233,6,171,3.09,37.36,15,Cloudy,0,35.27,Autumn
2023-05-02,S001,P0001,Clothing,North,324,306,115,298.25,49.62,10,Sunny,0,53.91,Autumn
2023-05-03,S001,P0001,Groceries,East,382,58,126,67.63,75.78,20,Sunny,1,70.96,Spring
2023-05-04,S001,P0001,Groceries,North,428,191,131,187.5,26.12,20,Cloudy,1,30.49,Summer
2023-05-05,S001,P0001,Toys,West,153,69,124,69.59,61.25,15,Cloudy,1,60.47,Autumn
2023-05-06,S001,P0001,Electronics,South,54,11,110,21.62,51.5,20,Rainy,0,50.77,Summer
2023-05-07,S001,P0001,Groceries,North,90,33,158,35.65,35.55,5,Sunny,1,31.47,Spring
2023-05-08,S001,P0001,Groceries,East,135,0,66,18.21,94.08,5,Sunny,0,91.55,Autumn
2023-05-09,S001,P0001,Furniture,South,262,20,45,11.17,24.96,10,Snowy,0,28.98,Winter
2023-05-10,S001,P0001,Clothing,North,355,197,67,198.59,18.9,20,Snowy,0,23.51,Summer
2023-05-11,S001,P0001,Groceries,West,73,31,56,23.37,11.45,15,Sunny,1,14.62,Autumn
2023-05-12,S001,P0001,Electronics,East,168,121,105,117.62,12.64,10,Cloudy,0,10.81,Summer
2023-05-13,S001,P0001,Furniture,South,316,267,104,284.71,26.12,15,Sunny,0,23.03,Winter
2023-05-14,S001,P0001,Toys,West,107,61,29,63.52,22.22,0,Rainy,1,20.78,Autumn
2023-05-15,S001,P0001,Electronics,North,187,15,56,33.81,55.08,5,Snowy,0,53.0,Winter
2023-05-16,S001,P0001,Clothing,South,390,261,110,275.38,92.97,10,Snowy,0,88.09,Winter
2023-05-17,S001,P0001,Groceries,East,237,203,53,210.39,52.87,10,Sunny,0,47.92,Spring
2023-05-18,S001,P0001,Furniture,South,181,168,95,166.13,81.44,0,Snowy,1,83.55,Winter
2023-05-19,S001,P0001,Toys,North,485,165,166,158.62,89.06,0,Cloudy,1,90.47,Winter
2023-05-20,S001,P0001,Electronics,West,494,299,139,300.86,33.99,20,Snowy,1,34.2,Winter
2023-05-21,S001,P0001,Toys,West,96,93,63,98.74,83.18,10,Cloudy,0,87.89,Spring
2023-05-22,S001,P0001,Toys,East,84,69,149,65.54,55.38,20,Cloudy,0,50.8,Winter
2023-05-23,S001,P0001,Clothing,West,68,44,87,45.99,94.33,20,Cloudy,0,93.54,Winter
2023-05-24,S001,P0001,Groceries,East,226,101,106,94.61,75.71,5,Sunny,0,74.8,Summer
2023-05-25,S001,P0001,Electronics,East,77,75,129,71.93,64.64,5,Sunny,1,66.46,Winter
2023-05-26,S001,P0001,Furniture,South,208,69,31,66.17,26.36,10,Rainy,1,22.18,Summer
2023-05-27,S001,P0001,Toys,East,69,50,83,48.63,85.15,10,Sunny,0,82.59,Autumn
2023-05-28,S001,P0001,Electronics,West,186,113,149,122.5,92.35,10,Snowy,1,94.68,Spring
2023-05-29,S001,P0001,Furniture,South,201,170,38,165.27,64.69,5,Snowy,1,67.47,Winter
2023-05-30,S001,P0001,Electronics,West,320,1,73,18.92,50.24,20,Cloudy,1,46.1,Winter
2023-05-31,S001,P0001,Toys,North,165,121,57,118.65,61.46,15,Snowy,0,64.1,Spring
2023-06-01,S001,P0001,Furniture,North,244,191,58,210.63,11.27,10,Snowy,1,15.23,Summer
2023-06-02,S001,P0001,Clothing,East,442,76,147,84.27,11.77,5,Cloudy,0,7.63,Winter
2023-06-03,S001,P0001,Clothing,East,101,96,149,114.04,98.26,5,Sunny,1,102.87,Summer
2023-06-04,S001,P0001,Groceries,North,206,31,171,49.52,12.5,15,Rainy,0,14.92,Winter
2023-06-05,S001,P0001,Toys,East,338,41,146,57.02,84.31,15,Cloudy,0,87.36,Autumn
2023-06-06,S001,P0001,Clothing,East,250,157,180,166.04,53.26,0,Rainy,1,50.99,Autumn
2023-06-07,S001,P0001,Groceries,West,390,5,99,10.87,86.3,0,Sunny,0,85.88,Spring
2023-06-08,S001,P0001,Clothing,North,348,317,177,330.76,24.33,10,Cloudy,0,26.69,Autumn
2023-06-09,S001,P0001,Furniture,North,448,45,90,51.11,84.49,0,Cloudy,1,80.43,Spring
2023-06-10,S001,P0001,Groceries,East,227,89,27,100.26,14.71,5,Cloudy,0,14.95,Summer
2023-06-11,S001,P0001,Toys,North,290,209,39,218.33,78.34,15,Sunny,0,81.1,Winter
2023-06-12,S001,P0001,Toys,East,458,6,104,-0.8,97.1,10,Snowy,1,93.43,Winter
2023-06-13,S001,P0001,Furniture,East,84,60,151,65.88,68.8,5,Rainy,0,71.65,Summer
2023-06-14,S001,P0001,Electronics,West,284,281,90,282.22,54.41,5,Cloudy,1,54.35,Winter
2023-06-15,S001,P0001,Groceries,West,227,67,128,86.99,35.35,0,Snowy,0,32.11,Autumn
2023-06-16,S001,P0001,Clothing,East,191,138,132,135.89,30.67,5,Snowy,0,33.91,Summer
2023-06-17,S001,P0001,Clothing,East,177,51,103,45.68,21.82,15,Rainy,1,24.3,Winter
2023-06-18,S001,P0001,Clothing,North,462,425,134,441.14,66.11,0,Cloudy,1,65.67,Autumn
2023-06-19,S001,P0001,Groceries,South,321,181,67,172.76,98.51,15,Cloudy,0,100.78,Spring
2023-06-20,S001,P0001,Furniture,East,67,47,136,51.79,49.52,10,Sunny,0,53.01,Spring
2023-06-21,S001,P0001,Toys,South,269,176,183,181.54,25.44,5,Sunny,0,30.42,Summer
2023-06-22,S001,P0001,Groceries,West,327,286,26,304.84,51.22,0,Rainy,1,53.27,Spring
2023-06-23,S001,P0001,Clothing,West,253,55,47,48.48,55.94,0,Sunny,1,56.77,Spring
2023-06-24,S001,P0001,Groceries,North,208,65,156,62.32,78.93,5,Snowy,1,80.56,Spring
2023-06-25,S001,P0001,Groceries,South,77,55,37,46.31,21.06,10,Sunny,1,23.66,Summer
2023-06-26,S001,P0001,Clothing,West,492,286,112,298.42,58.38,10,Sunny,0,55.5,Winter
2023-06-27,S001,P0001,Toys,East,107,62,119,75.69,48.12,0,Rainy,0,45.65,Winter
2023-06-28,S001,P0001,Furniture,North,199,183,70,190.06,34.12,10,Rainy,1,36.0,Autumn
2023-06-29,S001,P0001,Toys,North,406,148,123,138.95,87.49,20,Rainy,1,90.95,Autumn
2023-06-30,S001,P0001,Electronics,South,152,61,67,69.14,84.42,10,Cloudy,1,89.37,Spring
2023-07-01,S001,P0001,Furniture,South,291,263,109,274.83,55.11,20,Sunny,1,55.66,Autumn
2023-07-02,S001,P0001,Electronics,South,281,163,140,160.29,29.35,0,Sunny,0,31.98,Spring
2023-07-03,S001,P0001,Clothing,East,330,42,28,46.61,19.19,15,Sunny,0,15.13,Summer
2023-07-04,S001,P0001,Toys,South,113,37,168,44.88,55.2,5,Cloudy,1,51.3,Spring
2023-07-05,S001,P0001,Groceries,East,425,147,57,152.23,78.63,5,Sunny,1,83.36,Spring
2023-07-06,S001,P0001,Toys,South,279,25,123,39.66,91.09,10,Rainy,0,92.43,Summer
2023-07-07,S001,P0001,Toys,East,486,113,139,123.81,10.65,5,Sunny,0,14.52,Spring
2023-07-08,S001,P0001,Electronics,North,289,170,55,162.81,30.85,20,Sunny,0,31.14,Winter
2023-07-09,S001,P0001,Clothing,East,79,77,142,82.34,53.78,20,Snowy,0,53.1,Autumn
2023-07-10,S001,P0001,Clothing,West,239,80,35,92.71,99.4,0,Snowy,1,100.16,Autumn
2023-07-11,S001,P0001,Clothing,North,214,26,197,30.22,90.91,10,Sunny,1,89.23,Summer
2023-07-12,S001,P0001,Electronics,West,145,133,48,138.02,62.61,20,Sunny,0,61.18,Summer
2023-07-13,S001,P0001,Furniture,South,340,157,95,153.74,13.13,20,Rainy,0,15.95,Winter
2023-07-14,S001,P0001,Toys,North,325,153,186,169.18,54.7,10,Rainy,0,50.59,Summer
2023-07-15,S001,P0001,Electronics,North,168,46,117,57.73,12.67,20,Snowy,1,11.65,Spring
2023-07-16,S001,P0001,Furniture,South,322,202,197,206.05,61.07,0,Snowy,0,59.67,Winter
2023-07-17,S001,P0001,Toys,North,164,83,163,99.89,71.1,0,Rainy,1,72.44,Winter
2023-07-18,S001,P0001,Groceries,South,201,183,142,182.55,40.58,15,Rainy,0,44.17,Autumn
2023-07-19,S001,P0001,Toys,North,445,334,45,352.11,18.89,0,Cloudy,0,18.8,Winter
2023-07-20,S001,P0001,Clothing,East,485,346,198,365.54,36.54,20,Rainy,1,36.82,Summer
2023-07-21,S001,P0001,Furniture,East,237,16,79,8.78,38.88,0,Snowy,1,34.31,Spring
2023-07-22,S001,P0001,Clothing,South,451,141,66,144.69,59.12,20,Cloudy,0,56.15,Autumn
2023-07-23,S001,P0001,Groceries,East,400,114,85,130.09,12.78,10,Sunny,1,16.98,Spring
2023-07-24,S001,P0001,Toys,West,258,247,63,252.36,95.16,15,Cloudy,0,95.51,Winter
2023-07-25,S001,P0001,Furniture,North,416,169,80,161.4,79.37,0,Rainy,0,79.58,Winter
2023-07-26,S001,P0001,Toys,West,367,153,164,163.05,99.21,0,Snowy,0,97.48,Summer
2023-07-27,S001,P0001,Furniture,North,475,150,65,145.63,85.19,20,Snowy,0,89.12,Winter
2023-07-28,S001,P0001,Toys,West,492,346,95,358.05,90.69,5,Rainy,0,93.43,Winter
2023-07-29,S001,P0001,Groceries,South,76,23,45,28.32,61.42,20,Rainy,0,59.05,Summer
2023-07-30,S001,P0001,Furniture,East,417,382,118,378.85,55.91,20,Sunny,0,57.15,Winter
2023-07-31,S001,P0001,Clothing,West,94,6,135,25.7,38.26,0,Sunny,1,38.44,Spring
2023-08-01,S001,P0001,Clothing,West,427,109,137,125.93,14.45,15,Snowy,0,9.84,Spring
2023-08-02,S001,P0001,Clothing,North,315,154,200,170.31,57.37,15,Rainy,1,54.8,Winter
2023-08-03,S001,P0001,Groceries,South,500,435,115,451.42,89.99,0,Snowy,1,93.81,Winter
2023-08-04,S001,P0001,Furniture,East,65,55,26,65.0,18.7,0,Sunny,0,15.52,Autumn
2023-08-05,S001,P0001,Furniture,South,492,23,31,28.72,77.33,10,Rainy,1,76.69,Winter
2023-08-06,S001,P0001,Groceries,North,201,187,22,181.55,21.51,5,Rainy,1,23.63,Summer
2023-08-07,S001,P0001,Clothing,North,125,14,106,6.86,25.3,10,Snowy,1,20.89,Winter
2023-08-08,S001,P0001,Groceries,South,435,335,52,326.4,61.35,20,Sunny,1,59.94,Summer
2023-08-09,S001,P0001,Furniture,North,470,455,88,462.39,74.81,20,Snowy,1,75.12,Winter
2023-08-10,S001,P0001,Clothing,South,356,176,172,170.73,89.55,15,Snowy,0,86.89,Winter
2023-08-11,S001,P0001,Clothing,West,422,90,149,96.63,20.54,10,Cloudy,1,21.62,Autumn
2023-08-12,S001,P0001,Clothing,East,140,46,163,38.95,34.72,5,Snowy,0,37.8,Spring
2023-08-13,S001,P0001,Electronics,North,168,145,184,162.19,48.29,5,Sunny,1,52.92,Autumn
2023-08-14,S001,P0001,Groceries,South,386,72,181,88.02,51.7,0,Rainy,0,49.67,Winter
2023-08-15,S001,P0001,Clothing,West,408,289,148,285.27,46.93,15,Snowy,1,49.74,Winter
2023-08-16,S001,P0001,Clothing,South,64,50,54,47.62,63.26,10,Cloudy,0,66.29,Autumn
2023-08-17,S001,P0001,Groceries,West,241,225,130,243.91,36.85,10,Sunny,0,38.0,Winter
2023-08-18,S001,P0001,Clothing,East,333,293,111,306.29,19.63,20,Sunny,0,23.48,Autumn
2023-08-19,S001,P0001,Toys,East,307,39,161,57.3,70.67,20,Sunny,0,68.01,Summer
2023-08-20,S001,P0001,Groceries,North,184,31,127,27.47,39.83,20,Snowy,1,36.8,Summer
2023-08-21,S001,P0001,Electronics,North,121,115,88,131.55,26.48,10,Sunny,1,28.08,Autumn
2023-08-22,S001,P0001,Groceries,South,182,143,72,140.39,55.54,20,Snowy,0,57.71,Spring
2023-08-23,S001,P0001,Electronics,South,438,33,59,31.12,71.46,10,Cloudy,0,70.51,Autumn
2023-08-24,S001,P0001,Furniture,East,266,244,63,254.95,78.31,10,Snowy,0,79.57,Winter
2023-08-25,S001,P0001,Clothing,North,243,92,129,102.75,11.8,20,Snowy,1,11.48,Spring
2023-08-26,S001,P0001,Toys,South,271,150,34,148.37,33.69,5,Sunny,0,30.04,Winter
2023-08-27,S001,P0001,Clothing,North,394,204,189,213.45,24.38,0,Snowy,0,22.31,Summer
2023-08-28,S001,P0001,Electronics,North,190,189,159,194.14,94.51,15,Sunny,0,95.96,Spring
2023-08-29,S001,P0001,Clothing,West,105,0,163,-5.5,39.32,5,Rainy,0,40.58,Spring
2023-08-30,S001,P0001,Furniture,East,461,309,60,308.08,53.49,0,Sunny,0,52.81,Spring
2023-08-31,S001,P0001,Furniture,West,154,64,131,77.61,19.32,15,Sunny,1,19.45,Winter
2023-09-01,S001,P0001,Furniture,South,131,90,186,80.28,36.14,5,Snowy,0,35.11,Autumn
2023-09-02,S001,P0001,Furniture,East,188,8,137,6.44,36.75,15,Sunny,0,32.87,Winter
2023-09-03,S001,P0001,Electronics,East,100,62,114,67.44,88.6,15,Snowy,0,87.85,Summer
2023-09-04,S001,P0001,Toys,East,73,34,96,51.7,87.97,20,Cloudy,1,83.49,Autumn
2023-09-05,S001,P0001,Clothing,West,265,15,107,31.09,46.34,5,Cloudy,0,42.2,Winter
2023-09-06,S001,P0001,Groceries,East,130,127,143,127.96,54.62,0,Rainy,1,53.34,Summer
2023-09-07,S001,P0001,Clothing,West,457,369,52,377.13,38.18,20,Snowy,1,39.0,Spring
2023-09-08,S001,P0001,Electronics,East,51,25,89,31.97,70.26,0,Rainy,1,70.01,Summer
2023-09-09,S001,P0001,Groceries,West,473,105,29,122.33,19.24,20,Sunny,0,17.48,Summer
2023-09-10,S001,P0001,Toys,East,463,96,120,108.93,32.0,20,Sunny,0,33.07,Winter
2023-09-11,S001,P0001,Toys,East,201,46,117,64.19,41.79,15,Sunny,0,46.17,Summer
2023-09-12,S001,P0001,Toys,South,83,10,32,3.87,36.53,5,Snowy,1,37.52,Summer
2023-09-13,S001,P0001,Toys,North,179,93,82,110.4,22.92,5,Sunny,1,27.82,Autumn
2023-09-14,S001,P0001,Furniture,East,244,34,87,53.36,43.07,0,Snowy,1,40.52,Summer
2023-09-15,S001,P0001,Groceries,West,79,18,47,24.57,87.1,10,Cloudy,0,84.85,Summer
2023-09-16,S001,P0001,Electronics,East,499,122,153,128.02,29.46,10,Rainy,1,27.74,Autumn
2023-09-17,S001,P0001,Electronics,North,456,139,34,139.62,64.34,10,Sunny,1,64.26,Winter
2023-09-18,S001,P0001,Toys,North,492,262,143,266.51,30.2,10,Sunny,1,34.48,Winter
2023-09-19,S001,P0001,Toys,East,441,72,132,66.92,41.49,5,Sunny,0,36.75,Winter
2023-09-20,S001,P0001,Furniture,East,138,104,83,104.53,87.21,15,Rainy,0,85.22,Summer
2023-09-21,S001,P0001,Furniture,North,357,309,65,323.66,20.33,5,Cloudy,1,20.39,Winter
2023-09-22,S001,P0001,Electronics,South,444,234,149,252.02,88.53,5,Snowy,1,88.1,Spring
2023-09-23,S001,P0001,Furniture,North,374,283,181,289.15,37.12,5,Cloudy,0,34.17,Spring
2023-09-24,S001,P0001,Groceries,East,167,28,58,27.01,30.49,15,Cloudy,1,34.45,Spring
2023-09-25,S001,P0001,Furniture,East,264,41,63,58.84,56.46,20,Rainy,0,52.82,Autumn
2023-09-26,S001,P0001,Furniture,West,200,111,147,111.74,68.24,20,Snowy,0,68.29,Winter
2023-09-27,S001,P0001,Groceries,West,376,351,73,357.9,46.7,10,Snowy,1,48.19,Winter
2023-09-28,S001,P0001,Electronics,West,296,217,59,229.46,46.88,15,Rainy,1,49.68,Summer
2023-09-29,S001,P0001,Toys,West,388,279,180,282.7,93.7,15,Rainy,0,95.03,Autumn
2023-09-30,S001,P0001,Toys,North,343,64,190,80.28,61.24,10,Snowy,1,66.03,Autumn
2023-10-01,S001,P0001,Toys,South,70,20,90,30.73,87.49,10,Sunny,0,84.92,Winter
2023-10-02,S001,P0001,Toys,East,382,38,173,34.66,68.08,10,Snowy,0,69.64,Spring
2023-10-03,S001,P0001,Groceries,East,355,204,154,220.42,29.16,15,Cloudy,1,29.0,Spring
2023-10-04,S001,P0001,Toys,North,162,87,118,94.4,75.97,20,Rainy,0,71.9,Winter
2023-10-05,S001,P0001,Clothing,West,287,72,69,64.96,12.62,15,Cloudy,0,16.65,Winter
2023-10-06,S001,P0001,Groceries,South,446,415,179,425.93,78.57,15,Cloudy,0,74.52,Autumn
2023-10-07,S001,P0001,Electronics,East,111,16,116,14.62,45.85,10,Cloudy,0,42.01,Autumn
2023-10-08,S001,P0001,Clothing,West,114,24,39,21.4,94.18,5,Snowy,1,94.07,Spring
2023-10-09,S001,P0001,Electronics,West,417,110,160,125.02,25.79,5,Snowy,1,29.43,Autumn
2023-10-10,S001,P0001,Clothing,East,56,32,140,51.65,97.8,5,Snowy,1,101.37,Autumn
2023-10-11,S001,P0001,Groceries,South,50,17,115,22.48,12.94,20,Sunny,0,16.46,Winter
2023-10-12,S001,P0001,Toys,South,270,77,163,93.39,34.85,5,Rainy,1,38.09,Winter
2023-10-13,S001,P0001,Furniture,West,245,221,165,234.84,53.46,5,Cloudy,1,57.27,Spring
2023-10-14,S001,P0001,Electronics,South,480,18,55,31.22,89.99,20,Rainy,0,94.29,Winter
2023-10-15,S001,P0001,Clothing,East,448,31,64,29.34,67.71,0,Sunny,1,64.72,Spring
2023-10-16,S001,P0001,Electronics,North,113,109,193,116.73,41.77,15,Rainy,1,44.48,Summer
2023-10-17,S001,P0001,Groceries,South,168,100,198,116.88,87.02,5,Rainy,0,89.29,Spring
2023-10-18,S001,P0001,Toys,North,286,108,31,120.45,72.33,10,Cloudy,0,72.86,Summer
2023-10-19,S001,P0001,Toys,North,352,201,26,205.46,87.17,0,Rainy,0,82.57,Summer
2023-10-20,S001,P0001,Clothing,East,395,377,150,375.38,48.96,0,Rainy,1,45.07,Autumn
2023-10-21,S001,P0001,Electronics,West,182,56,47,62.96,63.01,0,Cloudy,0,58.31,Autumn
2023-10-22,S001,P0001,Electronics,West,170,152,119,149.24,99.97,0,Snowy,0,104.38,Autumn
2023-10-23,S001,P0001,Clothing,South,389,381,58,391.47,79.24,5,Sunny,0,79.95,Autumn
2023-10-24,S001,P0001,Electronics,West,190,20,62,32.13,14.71,5,Sunny,0,10.19,Summer
2023-10-25,S001,P0001,Furniture,East,116,27,83,44.88,53.69,0,Snowy,0,50.31,Winter
2023-10-26,S001,P0001,Toys,East,219,177,188,187.85,50.2,10,Rainy,0,45.5,Autumn
2023-10-27,S001,P0001,Toys,South,275,20,64,25.59,28.43,15,Cloudy,1,30.86,Summer
2023-10-28,S001,P0001,Clothing,East,277,255,200,253.06,68.06,15,Cloudy,0,65.15,Winter
2023-10-29,S001,P0001,Electronics,East,243,218,28,213.71,82.78,20,Sunny,1,81.61,Winter
2023-10-30,S001,P0001,Toys,North,371,362,200,377.14,70.32,15,Rainy,1,68.15,Winter
2023-10-31,S001,P0001,Groceries,West,433,311,47,330.83,67.21,0,Cloudy,1,70.92,Spring
2023-11-01,S001,P0001,Groceries,North,110,15,81,31.36,62.27,5,Rainy,1,66.7,Summer
2023-11-02,S001,P0001,Furniture,West,386,139,123,147.8,70.51,20,Sunny,0,68.81,Summer
2023-11-03,S001,P0001,Groceries,North,242,136,186,148.2,75.65,20,Cloudy,0,73.95,Summer
2023-11-04,S001,P0001,Clothing,South,287,180,62,193.64,35.5,10,Cloudy,1,32.96,Winter
2023-11-05,S001,P0001,Furniture,South,166,21,186,37.23,54.31,20,Snowy,1,50.28,Winter
2023-11-06,S001,P0001,Electronics,South,54,49,152,61.46,39.85,0,Cloudy,0,42.19,Autumn
2023-11-07,S001,P0001,Clothing,South,191,22,138,33.84,43.84,10,Rainy,0,46.2,Summer
2023-11-08,S001,P0001,Groceries,West,418,324,165,319.48,14.36,15,Sunny,0,18.63,Spring
2023-11-09,S001,P0001,Furniture,South,94,75,104,94.86,38.46,10,Sunny,1,34.15,Spring
2023-11-10,S001,P0001,Groceries,South,287,234,40,232.51,51.82,20,Snowy,0,54.27,Spring
2023-11-11,S001,P0001,Toys,East,77,59,129,58.46,17.12,10,Snowy,0,21.43,Spring
2023-11-12,S001,P0001,Clothing,South,142,136,51,148.09,98.34,15,Snowy,1,102.6,Autumn
2023-11-13,S001,P0001,Furniture,West,67,24,187,36.67,89.42,10,Sunny,0,94.3,Summer
2023-11-14,S001,P0001,Toys,East,145,56,195,67.43,29.45,10,Cloudy,0,29.42,Spring
2023-11-15,S001,P0001,Toys,West,82,55,150,69.85,42.04,5,Sunny,1,46.55,Summer
2023-11-16,S001,P0001,Electronics,East,155,49,49,47.34,27.32,0,Snowy,0,30.83,Spring
2023-11-17,S001,P0001,Groceries,East,443,416,132,418.2,28.75,0,Snowy,1,32.07,Summer
2023-11-18,S001,P0001,Groceries,West,388,223,26,241.34,78.5,5,Rainy,1,74.54,Autumn
2023-11-19,S001,P0001,Furniture,South,342,105,95,101.84,77.17,5,Snowy,1,79.12,Winter
2023-11-20,S001,P0001,Groceries,South,463,365,175,383.43,34.53,10,Cloudy,0,35.39,Autumn
2023-11-21,S001,P0001,Groceries,West,304,21,91,20.85,43.23,15,Snowy,1,40.6,Spring
2023-11-22,S001,P0001,Electronics,South,151,132,38,145.8,21.98,15,Rainy,0,19.23,Winter
2023-11-23,S001,P0001,Groceries,South,361,226,86,237.15,50.94,5,Sunny,1,54.08,Spring
2023-11-24,S001,P0001,Groceries,East,103,16,75,14.88,83.71,20,Sunny,0,87.9,Spring
2023-11-25,S001,P0001,Electronics,South,403,371,153,390.44,56.22,0,Sunny,0,53.65,Spring
2023-11-26,S001,P0001,Electronics,West,79,52,127,58.94,40.26,0,Snowy,1,41.05,Winter
2023-11-27,S001,P0001,Furniture,North,204,187,112,192.72,54.14,0,Snowy,0,54.98,Winter
2023-11-28,S001,P0001,Clothing,South,448,89,195,93.79,58.03,20,Sunny,0,60.63,Spring
2023-11-29,S001,P0001,Furniture,South,448,110,51,126.82,62.04,5,Sunny,0,65.24,Winter
2023-11-30,S001,P0001,Toys,North,417,244,86,263.53,12.67,5,Cloudy,1,15.62,Autumn
2023-12-01,S001,P0001,Groceries,West,397,185,58,189.06,59.79,10,Cloudy,1,62.67,Winter
2023-12-02,S001,P0001,Toys,East,214,200,136,190.13,60.9,20,Cloudy,0,60.44,Summer
2023-12-03,S001,P0001,Groceries,South,482,122,81,128.17,21.92,0,Sunny,0,21.88,Spring
2023-12-04,S001,P0001,Clothing,South,57,49,26,63.28,71.24,0,Rainy,0,75.94,Spring
2023-12-05,S001,P0001,Electronics,North,104,66,122,80.12,44.77,0,Sunny,1,48.16,Autumn
2023-12-06,S001,P0001,Electronics,West,242,67,56,81.04,37.09,5,Sunny,1,35.33,Spring
2023-12-07,S001,P0001,Furniture,South,270,2,197,-0.96,37.65,5,Rainy,0,42.28,Spring
2023-12-08,S001,P0001,Groceries,East,383,263,20,273.73,93.77,10,Rainy,1,94.58,Spring
2023-12-09,S001,P0001,Electronics,West,176,174,46,190.74,69.45,5,Rainy,0,66.9,Summer
2023-12-10,S001,P0001,Clothing,West,329,283,92,274.98,54.47,5,Sunny,1,51.89,Summer
2023-12-11,S001,P0001,Furniture,South,208,143,34,160.84,72.95,20,Sunny,0,68.61,Spring
2023-12-12,S001,P0001,Furniture,West,354,212,161,226.16,56.97,20,Rainy,0,58.28,Winter
2023-12-13,S001,P0001,Clothing,North,184,65,118,84.35,74.85,15,Rainy,1,76.67,Spring
2023-12-14,S001,P0001,Toys,East,70,49,110,60.76,35.9,20,Sunny,1,33.66,Autumn
2023-12-15,S001,P0001,Furniture,West,246,162,182,174.59,24.78,5,Rainy,0,28.81,Summer
2023-12-16,S001,P0001,Furniture,South,159,119,199,134.94,74.76,0,Cloudy,0,78.87,Summer
2023-12-17,S001,P0001,Groceries,North,307,55,185,66.58,58.65,20,Cloudy,0,54.37,Summer
2023-12-18,S001,P0001,Toys,North,440,84,58,98.5,14.31,10,Rainy,1,11.26,Winter
2023-12-19,S001,P0001,Electronics,West,280,242,82,236.53,87.59,0,Cloudy,0,88.4,Summer
2023-12-20,S001,P0001,Toys,North,233,136,180,137.16,22.73,20,Snowy,1,19.81,Spring
2023-12-21,S001,P0001,Furniture,North,472,174,52,167.13,19.45,15,Sunny,1,16.24,Spring
2023-12-22,S001,P0001,Toys,East,330,119,47,115.1,13.8,0,Snowy,1,16.33,Summer
2023-12-23,S001,P0001,Electronics,West,452,188,184,201.72,79.47,20,Sunny,0,76.73,Winter
2023-12-24,S001,P0001,Furniture,South,455,342,63,353.62,21.53,5,Rainy,1,21.7,Winter
2023-12-25,S001,P0001,Electronics,East,109,86,26,95.24,72.86,20,Cloudy,0,71.66,Spring
2023-12-26,S001,P0001,Groceries,West,372,46,177,61.65,18.23,5,Cloudy,0,19.26,Autumn
2023-12-27,S001,P0001,Furniture,West,256,196,120,195.27,27.65,5,Sunny,0,29.1,Spring
2023-12-28,S001,P0001,Groceries,North,104,67,64,78.15,77.61,0,Cloudy,1,78.0,Spring
2023-12-29,S001,P0001,Toys,West,224,168,35,184.45,14.01,15,Snowy,1,18.51,Summer
2023-12-30,S001,P0001,Furniture,North,208,30,167,20.66,57.0,10,Cloudy,0,54.92,Winter
2023-12-31,S001,P0001,Clothing,West,135,26,54,42.53,12.17,0,Snowy,0,14.83,Winter
2024-01-01,S001,P0001,Toys,East,223,40,93,53.56,55.26,15,Rainy,0,59.37,Winter
